,ifconfig,ls,pwd,uname -a,cat /bin
ifconfig,2.24e-08,0.2857142729142857,0.14285713645714285,0.5714285458285714,2.24e-08
ls,0.27272726050909085,4.48e-08,0.45454543418181814,0.18181817367272726,0.09090908683636363
pwd,0.1249999944,0.624999972,2.24e-08,0.2499999888,2.24e-08
uname -a,0.4285714093714285,0.4285714093714285,0.14285713645714285,2.24e-08,2.24e-08
cat /bin,0.2,0.2,0.2,0.2,0.2
