,ifconfig,ls,pwd,uname -a
ifconfig,4.48e-08,0.2857142729142857,0.14285713645714285,0.5714285458285714
ls,0.29999998656,4.48e-08,0.4999999776,0.19999999104
pwd,0.1249999944,0.624999972,4.48e-08,0.2499999888
uname -a,0.33333331839999997,0.4999999776,0.16666665919999998,4.48e-08
